perturbation_deg,trials,successes,convergences,success_rate,convergence_rate,mean_recovery_error_deg,median_recovery_error_deg
0.1,100,100,100,100.0,100.0,0.0010658937987003912,0.0010578165939284262
0.5,100,100,100,100.0,100.0,0.001042813204757939,0.0010481984166839438
1.0,100,100,100,100.0,100.0,0.0010325378866362649,0.0010244445529153058
2.0,100,100,100,100.0,100.0,0.001139307705033569,0.0011571890415901166
3.0,100,100,100,100.0,100.0,0.0015860204388222626,0.0014775283671846808
5.0,100,92,100,92.0,100.0,0.44463814365235477,0.0182397680574843
7.0,100,50,100,50.0,100.0,4.829441332233999,0.9939203399732683
10.0,100,45,100,45.0,100.0,6.571425460125813,9.002259512783596
12.0,100,24,100,24.0,100.0,11.827163056586148,12.090856575162158
15.0,100,20,100,20.0,100.0,13.542278309715893,15.000000879498
17.0,100,6,100,6.0,100.0,17.296108347664703,17.000000760295407
20.0,100,7,100,7.000000000000001,100.0,19.77085746260822,20.0000017435899
